{"cameraMode":{"drawMode":0,"name":"Shaded","section":"Shading Mode"},"sceneLighting":true,"audioPlay":false,"sceneViewState":{"showFog":true,"showMaterialUpdate":false,"showSkybox":true,"showFlares":true,"showImageEffects":true,"showParticleSystems":true},"in2DMode":false,"pivot":{"x":-1.078539490699768,"y":-5.055788040161133,"z":-22.87183952331543},"rotation":{"x":-0.009917696006596089,"y":0.9408818483352661,"z":-0.33750075101852419,"w":-0.027671553194522859},"size":62.561702728271487,"orthographic":false}